{
  "Pile-CC": 24.90545384008233,
  "Github": 8.575608016477537,
  "OpenWebText2": 15.378616175205137,
  "StackExchange": 14.014921160024485,
  "Wikipedia (en)": 8.03231474806158,
  "PubMed Abstracts": 13.915368903065156,
  "USPTO Backgrounds": 5.268749791709333,
  "FreeLaw": 2.4081249453459534,
  "PubMed Central": 2.7038051179829545,
  "Enron Emails": 0.4367908681953754,
  "HackerNews": 0.7457304329967736,
  "NIH ExPorter": 0.8481453514223155,
  "Books3": 0.13336299487369965,
  "ArXiv": 1.1257807873543852,
  "DM Mathematics": 0.9044158760641339,
  "OpenSubtitles": 0.3007646012113188,
  "BookCorpus2": 0.01231941377250643,
  "Ubuntu IRC": 0.008872826335573994,
  "YoutubeSubtitles": 0.15720426499529014,
  "EuroParl": 0.061127079666586814,
  "PhilPapers": 0.031218676288247506,
  "Gutenberg (PG-19)": 0.03130412886932848
}